<root>
	<!-- 配表命名空间 -->
	<topmodule name="Cfg"/>

	<!-- patch标签用于做本地化-->
	<patch name="cn"/>
	<patch name="en"/>

	<!-- 定义分组，客户端和服务器-->
	<group name="c" default="1"/> client
	<group name="s" default="1"/> server
	<group name="e" default="1"/> editor

	<!-- 导入xml格式的子定义文件，可以是目录也可以是具体的xml文件，要求同目录下的 -->
	<import name="."/>

	<!--导入excel格式的子定义文件,查找路径为input_data_dir参数的指定目录-->
	<importexcel name="__tables__.xlsx" type="table"/> 相对data目录
	<importexcel name="__enums__.xlsx" type="enum"/>相对data目录	
	<importexcel name="__beans__.xlsx" type="bean"/>相对data目录

	<!--导出目标，命令行参数中的-s就是它，一般包含至少server,client,all三种类型，name=service名称，随便起，manager=生成的包含所有表的Tables类名称-->
	<!-- <service name="client" manager="Tables" group="c"/> -->
	<!-- <service name="server" manager="Tables" group="s"/> -->
	<service name="all" manager="Tables" group="c,s,e"/>
</root>