 <module name="blueprint">

 <bean name="DValue">
	<bean name="DBool">
		<var name="value" type="bool"/>
	</bean>

	<bean name="DInt">
		<var name="value" type="int"/>
	</bean>

	<bean name="DLong">
		<var name="value" type="long"/>
	</bean>

	<bean name="DDouble">
		<var name="value" type="double"/>
	</bean>

	<bean name="DString">
		<var name="value" type="string"/>
	</bean>

	<bean name="DObject">
		<var name="type" type="string"/>
		<var name="fields" type="list,FieldValue"/>
	</bean>

	<bean name="DArray">
		<var name="element_type" type="string"/>
		<var name="elements" type="list,DValue"/>
	</bean>
 </bean>

 <bean name="FieldValue">
	<var name="name" type="string"/>
	<var name="value" type="DValue"/>
 </bean>

 

 <bean name="Field">
	<var name="name" type="string"/>
	<var name="type" type="string"/>
	<var name="desc" type="string"/>
 </bean>

 

 <bean name="ParamInfo">
	<var name="name" type="string"/>
	<var name="type" type="string"/>
	<var name="is_ref" type="bool"/>
 </bean>

 <bean name="Method">
	<var name="name" type="string"/>
	<var name="desc" type="string"/>
	<var name="is_static" type="bool"/>
	<var name="return_type" type="string"/>
	<var name="parameters" type="list,ParamInfo"/>
	<bean name="AbstraceMethod">
	</bean>
	<bean name="ExternalMethod"/>
	<bean name="BlueprintMethod">
	</bean>
 </bean>



<bean name="EnumField">
	<var name="name" type="string"/>
	<var name="value" type="int"/>
</bean>

 

 <bean name="Clazz">
	<var name="name" type="string"/>
	<var name="desc" type="string"/>
	<var name="parents" type="list,Clazz"/>
	<var name="methods" type="list,Method"/>
	<bean name="Interface"/>
	<bean name="NormalClazz">
		<var name="is_abstract" type="bool"/>
		<var name="fields" type="list,Field"/>
	</bean>
	<bean name="EnumClazz">
		<var name="enums" type="list,EnumField"/>
	</bean>
 </bean>

 <table name="TbClazz" value="Clazz" input="blueprint/classes"/>

 </module>