<module name="bonus">

	<bean name="ProbabilityBonusInfo">
		<var name="bonus" type="Bonus"/>
		<var name="probability" type="float"/>
	</bean>

	<bean name="WeightBonusInfo">
		<var name="bonus" type="Bonus"/>
		<var name="weight" type="int"/>
	</bean>

	<bean name="WeightItemInfo">
		<var name="item_id" type="int" ref="item.TbItem"/>
		<var name="num" type="int"/>
		<var name="weight" type="int"/>
	</bean>

	<bean name="ProbabilityItemInfo">
		<var name="item_id" type="int" ref="item.TbItem"/>
		<var name="num" type="int"/>
		<var name="probability" type="float"/>
	</bean>

	<bean name="Bonus">
		<bean name="OneItem">
			<var name="item_id" type="int" ref="item.TbItem"/>
		</bean>

		<bean name="OneItems">
			<var name="items" type="array,int" ref="item.TbItem"/>
		</bean>

		<bean name="Item">
			<var name="item_id" type="int" ref="item.TbItem"/>
			<var name="amount" type="int"/>
		</bean>

		<bean name="Items">
			<var name="item_list" type="array,Item"/>
		</bean>

		<bean name="CoefficientItem">
			<var name="bonus_id" type="int"/>
			<var name="bonus_list" type="Items"/>
		</bean>
		
		<bean name="WeightItems">
			<var name="item_list" type="array,WeightItemInfo"/>
		</bean>

		<bean name="ProbabilityItems">
			<var name="item_list" type="array,ProbabilityItemInfo"/>
		</bean>
		
		<bean name="MultiBonus">
			<var name="bonuses" type="array,Bonus"/>
		</bean>

		<bean name="ProbabilityBonus">
			<var name="bonuses" type="array,ProbabilityBonusInfo"/>
		</bean>

		<bean name="WeightBonus">
			<var name="bonuses" type="array,WeightBonusInfo"/>
		</bean>


		<!--bean name="RepeatBonus">执行num次生成bonus
			<var name="bonus" type="Bonus"/>
			<var name="num" type="int"/>
		</bean>

		<bean name="CopyBonus">生成一次bonus，发num次
			<var name="bonus" type="Bonus"/>
			<var name="num" type="int"/>
		</bean-->

		<!--涉及到drop表的定义-->

		<bean name="DropBonus">
			<var name="id" type="int" ref="bonus.TbDrop"/>
		</bean>

	</bean>
	
	<bean name="ShowItemInfo" sep="-">
		<var name="item_id" type="int" ref="item.TbItem" />
		<var name="item_num" type="long" />
	</bean>

	<bean name="DropInfo">
		<var name="id" type="int"/>
		<var name="desc" type="string"/>
		<var name="client_show_items" type="list,ShowItemInfo"/>
		<var name="bonus" type="Bonus"/>
	</bean>
	<table name="TbDrop" value="DropInfo" input="bonus/掉落表.xlsx"/>
	
</module>