<module name="condition">
	<bean name="Condition">
		<bean name="TimeRange">
			<var name="date_time_range" type="common.DateTimeRange"/>
		</bean>
		
		<bean name="RoleCondition">
			<bean name="MultiRoleCondition">
				<var name="conditions" type="array,RoleCondition"/>
			</bean>
			<bean name="BoolRoleCondition">
				<bean name="GenderLimit">
					<var name="gender" type="role.EGenderType"/>
				</bean>
				<bean name="MinLevel" alias="等级达到"> 
					<var name="level" type="int"/>
				</bean>
				<bean name="MaxLevel" alias="等级不高于">
					<var name="level" type="int"/>
				</bean>
				<bean name="MinMaxLevel" alias="等级范围">
					<var name="min_level" type="int"/>
					<var name="max_level" type="int"/>
				</bean>
				
				<bean name="ClothesPropertyScoreGreaterThan" alias="属性超过">
					<var name="prop" type="item.EClothesPropertyType"/>
					<var name="value" type="int"/>
				</bean>
			</bean>
			
			<bean name="ContainsItem" alias="背包有物品">身上无物品,tmp
				<var name="item_id" type="int" ref="item.TbItem"/>
				<var name="num" type="int"/>
				<var name="reverse" type="bool"/> 取反条件
			</bean>
		</bean>
	</bean>
</module>
