<module name="cost">

	<bean name="Cost">
		<bean name="CostCurrency">
			<var name="type" type="item.ECurrencyType"/>
			<var name="num" type="int"/>
		</bean>
		
		<bean name="CostCurrencies">
			<var name="currencies" type="list,CostCurrency"/>
		</bean>
	
		<bean name="CostOneItem">
			<var name="item_id" type="int" ref="item.TbItem"/>
		</bean>

		<bean name="CostItem">
			<var name="item_id" type="int" ref="item.TbItem"/>
			<var name="amount" type="int"/>
		</bean>

		<bean name="CostItems">
			<var name="item_list" type="array,CostItem"/>
		</bean>
	</bean>
</module>