<module name="error">
	<bean name="ErrorInfo">
		<var name="code" type="string"/>
		<var name="desc" type="string"/>
		<var name="style" type="ErrorStyle"/>
	</bean>
	
	<enum name="EOperation">
		<var name="LOGOUT" alias="登出"/>
		<var name="RESTART" alias="重启"/>
	</enum>
	
	<bean name="ErrorStyle">
		<bean name="ErrorStyleTip" alias="飘窗">
		</bean>
		<bean name="ErrorStyleMsgbox" alias="弹框"> 只有一个按钮，可以指定操作
			<var name="btn_name" type="string"/> 按钮提示
			<var name="operation" type="EOperation"/> 操作
		</bean>
		<bean name="ErrorStyleDlgOk" alias="单按钮">
			<var name="btn_name" type="string"/> 按钮提示
		</bean>
		<bean name="ErrorStyleDlgOkCancel" alias="双按钮">
			<var name="btn1_name" type="string"/> 左按钮提示
			<var name="btn2_name" type="string"/> 右按钮提示
		</bean>
	</bean>

	<table name="TbErrorInfo" value="ErrorInfo" input="desc@error/错误码.xlsx"/>
</module>