<module name="error">



	<enum name="EErrorCode">

		<var name="OK" value="0"/>
		

		
		<var name="SERVER_NOT_EXISTS"/> 当前服务器不存在
		<var name="HAS_BIND_SERVER"/> 已经绑定过服务器
		<var name="AUTH_FAIL"/> 服务器认证失败
		<var name="NOT_BIND_SERVER"/> 没有绑定服务器
		<var name="SERVER_ACCESS_FAIL"/> 访问失败
		
		<var name="EXAMPLE_FLASH"/>
		<var name="EXAMPLE_MSGBOX"/>
		<var name="EXAMPLE_DLG_OK"/>
		<var name="EXAMPLE_DLG_OK_CANCEL"/>
		<!-- 角色 -->
		<var name="ROLE_CREATE_NAME_INVALID_CHAR" value="100"/> 创建角色名字有非法字符
		<var name="ROLE_CREATE_NAME_EMPTY"/> 名字为空
		<var name="ROLE_CREATE_NAME_EXCEED_MAX_LENGTH"/> 名字超长
		<var name="ROLE_CREATE_ROLE_LIST_FULL"/>角色列表已满
		<var name="ROLE_CREATE_INVALID_PROFESSION"/>非法职业
		<var name="ROLE_CREATE_INVALID_GENDER"/>
		<var name="ROLE_NOT_OWNED_BY_USER"/> 不是该帐户的角色
		<var name="ROLE_LEVEL_NOT_ARRIVE"/> 用户等级未达到
		

		<!-- 背包 -->
		<var name="PARAM_ILLEGAL" value="200"/> 参数非法
		<var name="TEMP_BAG_NOT_EMPTY"/> 临时背包非空
		<var name="ITEM_CAN_NOT_USE"/> 道具不能使用
		<var name="CURRENCY_NOT_ENOUGH"/>货币不足
		<var name="BAG_IS_FULL"/> 背包已满
		<var name="ITEM_NOT_ENOUGH"/> 道具不足
		<var name="ITEM_IN_BAG"/> 道具已在背包中

		<!--  condition -->
		<var name="GENDER_NOT_MATCH" value="300"/>
		<var name="LEVEL_TOO_LOW"/> 等级太低
		<var name="LEVEL_TOO_HIGH"/> 等级太高
		<var name="EXCEED_LIMIT"/> 超过限制
		<var name="OVER_TIME"/> 超时
		<var name="SERVER_ERROR"/> 服务器错误
		
		
		<!-- skill -->
		<var name="SKILL_NOT_IN_LIST" value="400"/>
		<var name="SKILL_NOT_COOLDOWN"/>
		<var name="SKILL_TARGET_NOT_EXIST"/>
		<var name="SKILL_ANOTHER_CASTING"/>
		<var name="SKILL_OUT_OF_DISTANCE"/>
		<var name="SKILL_TARGET_CAMP_NOT_MATCH"/>
		<var name="SKILL_INVALID_DIRECTION"/>
		<var name="SKILL_NOT_IN_SELECT_SHAPE"/>不在选择区域内
		<var name="SKILL_ENERGY_NOT_ENOUGH"/>能量不足
		
		<!-- quest -->
		<var name="DIALOG_NODE_NOT_CHOOSEN" value="500"/>该对话节点没有被选过
		<var name="DIALOG_NOT_FINISH" />该对话尚未完成
		<var name="DIALOG_HAS_FINISH"/>
		<var name="QUEST_STAGE_NOT_FINISHED" />该任务阶段未完成
		<var name="QUEST_NOT_DOING" />该不在进行中
		<var name="QUEST_STAGE_NOT_DOING" />该阶段不在进行中
		<var name="QUEST_HAS_ACCEPTED"/>
		
		<!-- scene -->
		<var name="MAP_OBJECT_NOT_EXIST" value="600"/>
		<var name="INTERACTION_OBJECT_NOT_SUPPORT_OPERATION"/>
		<var name="HAS_NOT_EQUIP"/>
		<var name="HANDHELD_EQUIP_ID_NOT_MATCH"/>
		<var name="NOT_AVAILABLE_SUIT_ID"/>
		<var name="NO_INTERACTION_COMPONENT"/>没有交互组件
		<var name="HAS_INTERACTED"/> 不能重复交互
		<var name="VIALITY_NOT_ENOUGH"/>体力不足
		<var name="PLAYER_SESSION_NOT_EXIST"/>
		<var name="PLAYER_SESSION_WORLD_PLAYER_NOT_INIT"/>
		<var name="MAP_NOT_EXIST"/>

		<!-- mail -->
		<var name="MAIL_TYPE_ERROR" value="700"/> 邮件类型错误
		<var name="MAIL_NOT_EXITST"/> 邮件不存在
		<var name="MAIL_HAVE_DELETED"/> 邮件已删除
		<var name="MAIL_AWARD_HAVE_RECEIVED"/> 邮件奖励已领取
		<var name="MAIL_OPERATE_TYPE_ERROR"/> 邮件操作类型错误
		<var name="MAIL_CONDITION_NOT_MEET"/> 邮件条件不满足
		<var name="MAIL_STATE_ERROR"/> 邮件状态错误
		<var name="MAIL_NO_AWARD"/> 邮件没有奖励
		<var name="MAIL_BOX_IS_FULL"/>邮箱已满
		
		<!-- clothes-->
		<var name="PROP_SCORE_NOT_BIGGER_THAN" value="800"/>服装基础属性分没有达到 x 分
		<var name="NOT_WEAR_CLOTHES"/>
		<var name="NOT_WEAR_SUIT"/>
		
		<!-- designdrawing-->
		<var name="SUIT_NOT_UNLOCK" value="900"/> 套装尚未解锁
		<var name="SUIT_COMPONENT_NOT_UNLOCK"/> 部件尚未解锁
		<var name="SUIT_STATE_ERROR"/> 套装状态错误
		<var name="SUIT_COMPONENT_STATE_ERROR"/> 部件状态错误
		<var name="SUIT_COMPONENT_NO_NEED_LEARN"/> 设计图纸对应的部件均已完成学习
		
		<!--store-->
		<var name="STORE_NOT_ENABLED" value="1000"/> 该商店尚未达到开启条件，无法从中选购商品
		<var name="SHELF_NOT_ENABLED"/> 当前货架未达到开启条件
		<var name="GOODS_NOT_ENABLED"/> 商品尚未达到出售条件，无法购买
		<var name="GOODS_NOT_IN_CUR_REFRESH"/> 商品不在当前商店刷新结果里
		
		<!-- limit -->
		<var name="RETRY" value="1100"/> 次数已重置. 请重试
		<var name="NOT_COOLDOWN"/> 未冷却

		<!-- selfie -->
		<var name="SELFIE_UNLOCK" value="1200"/> 小册子尚未解锁
		<var name="SELFIE_ALREADY_UNLOCK"/> 小册子已经被解锁 
		<var name="SELFIE_LACK_STARTS"/>  该册子的总星数不足 不能领取奖励
		<var name="SELFIE_HAD_REWARD"/>   该阶段奖励已经被领取
		
	</enum>

	<bean name="CodeInfo">
		<var name="code" type="EErrorCode"/> bug: 这里要等重构完加 ref="error.TbErrorInfo"
		<var name="key" type="string"/>
	</bean>
	
	<table name="TbCodeInfo" value="CodeInfo" input="code@error/错误码.xlsx"/>
</module>