<module name="limit">
	<enum name="ENamespace">
		<var name="ITEM_DAILY_OBTAIN" value="1"/>
		<var name="TREASURE_DAILY_USE" value="2"/>
		<var name="STORE_GOODS_LIMIT_BUY" value="3"/>
	</enum>

	<!--bean name="LevelNum">
		<var name="level" type="int"/>
		<var name="num" type="int"/>
	</bean-->
	
	<bean name="LimitBase">
		<bean name="DailyLimitBase">
			<!--bean name="DailyLimitsByVipLevel">精简后的Vip限制
				<var name="enter_times" type="array,int"/>进入次数，是个数组，第一个是vip0 5,6,6,7,7,8,9,10
			</bean>
			<bean name="DailyLimitsByVipLevel2">每日限制
				<var name="currency_type" type="item.ECurrencyType"/>
				<var name="enter_times" type="array,int"/>进入次数，是个数组，第一个是vip0 5,6,6,7,7,8,9,10
				<var name="amount" type="array,long"/>	0,0,0,0,0,5,5,5,5,5,5,5
			</bean>

			<bean name="DailyLimitsByVipLevel3">
				<var name="enter_times" type="array,int"/>进入次数，是个数组，第一个是vip0 5,6,6,7,7,8,9,10
				<var name="costs" type="array,Condition"/>
			</bean>

			<bean name="DailyLimitByLevel">
				<var name="levels" type="array,LevelNum"/>进入次数，是个数组，第一个是vip0 5,6,6,7,7,8,9,10
			</bean-->
			<bean name="DailyLimit">简单的每日限制
				<var name="num" type="int"/>
			</bean>
		</bean>
		
		<bean name="MultiDayLimit"> 几天重置一次
			<var name="day" type="int"/>
			<var name="num" type="int"/>
		</bean>
		
		<bean name="WeeklyLimit">简单的每周限制
			<var name="num" type="int"/>
		</bean>
		<bean name="MonthlyLimit">简单的每月限制
			<var name="num" type="int"/>
		</bean>
		<bean name="CoolDown">冷却
			<var name="duration" type="int"/>秒
		</bean>

		<bean name="GroupCoolDown"> 组冷却不在标准 Limit 范围内
			<var name="group_id" type="int"/>
			<var name="duration" type="int"/>秒
		</bean>
	</bean>
</module>