<module name="mail">
    <enum name="EMailType"> 邮件类型
        <var name="GLOBAL" alias="全局邮件"/>
        <var name="SYSTEM" alias="系统邮件"/>
    </enum>

    <bean name="SystemMail">
        <var name="id" type="int"/>
        <var name="title" type="string"/>
        <var name="sender" type="string"/>
        <var name="content" type="string"/>
        <var name="award" type="list,int" ref="bonus.TbDrop"/>
    </bean>
	
    <table name="TbSystemMail" index="id" value="SystemMail" input="系统邮件数据表@mail/邮箱系统数据表.xlsx"/>

    <bean name="GlobalMail">
        <var name="id" type="int"/>
        <var name="title" type="string"/>
        <var name="sender" type="string"/>
        <var name="content" type="string"/>
        <var name="award" type="list,int" ref="bonus.TbDrop"/>
        <var name="all_server" type="bool"/>
        <var name="server_list" type="list,int"/>
        <var name="platform" type="string"/>
        <var name="channel" type="string"/>
        <var name="min_max_level" type="condition.MinMaxLevel"/>
        <var name="register_time" type="condition.TimeRange"/>
        <var name="mail_time" type="condition.TimeRange"/>
    </bean>
    <table name="TbGlobalMail" value="GlobalMail" input="全局邮件数据表@mail/邮箱系统数据表.xlsx"/>

</module>